{"cameraMode":{"drawMode":0,"name":"Shaded","section":"Shading Mode"},"sceneLighting":true,"audioPlay":false,"sceneViewState":{"m_AlwaysRefresh":false,"showFog":true,"showSkybox":true,"showFlares":true,"showImageEffects":true,"showParticleSystems":true,"showVisualEffectGraphs":true,"m_FxEnabled":false},"in2DMode":false,"pivot":{"x":-16.7912654876709,"y":1.0272541046142579,"z":-9.420804023742676},"rotation":{"x":-0.31850695610046389,"y":0.029001059010624887,"z":-0.009741143323481083,"w":-0.9474291801452637},"size":53.295440673828128,"orthographic":false}